<?xml version="1.0"?>
<Interface Version="1" Minor="1">
	<Ifc Id="ROOT" Top="1">
		<Bus Id="switch_test">
			<Port Id="0" Dir="IN"/>
			<Port Id="1" Dir="IN"/>
			<Port Id="2" Dir="IN"/>
			<Port Id="3" Dir="IN"/>
		</Bus>
		<Bus Id="AN">
			<Port Id="0" Dir="OUT"/>
			<Port Id="1" Dir="OUT"/>
			<Port Id="2" Dir="OUT"/>
			<Port Id="3" Dir="OUT"/>
		</Bus>
		<Bus Id="seven_out">
			<Port Id="0" Dir="OUT"/>
			<Port Id="1" Dir="OUT"/>
			<Port Id="2" Dir="OUT"/>
			<Port Id="3" Dir="OUT"/>
			<Port Id="4" Dir="OUT"/>
			<Port Id="5" Dir="OUT"/>
			<Port Id="6" Dir="OUT"/>
			<Port Id="7" Dir="OUT"/>
		</Bus>
		<Port Id="clk" Dir="IN"/>
		<Port Id="enter" Dir="IN"/>
	</Ifc>
</Interface>

